{
	"IcoMoonType": "selection",
	"icons": [
		{
			"icon": {
				"paths": [
					"M925.714 233.143q-38.286 56-92.571 95.429 0.571 8 0.571 24 0 74.286-21.714 148.286t-66 142-105.429 120.286-147.429 83.429-184.571 31.143q-154.857 0-283.429-82.857 20 2.286 44.571 2.286 128.571 0 229.143-78.857-60-1.143-107.429-36.857t-65.143-91.143q18.857 2.857 34.857 2.857 24.571 0 48.571-6.286-64-13.143-106-63.714t-42-117.429v-2.286q38.857 21.714 83.429 23.429-37.714-25.143-60-65.714t-22.286-88q0-50.286 25.143-93.143 69.143 85.143 168.286 136.286t212.286 56.857q-4.571-21.714-4.571-42.286 0-76.571 54-130.571t130.571-54q80 0 134.857 58.286 62.286-12 117.143-44.571-21.143 65.714-81.143 101.714 53.143-5.714 106.286-28.571z"
				],
				"width": 950.8560180664062,
				"attrs": [],
				"isMulticolor": false,
				"tags": [
					"twitter"
				],
				"defaultCode": 61593,
				"grid": 14
			},
			"attrs": [],
			"properties": {
				"id": 144,
				"order": 8,
				"name": "twitter",
				"prevSize": 28,
				"code": 61593
			},
			"setIdx": 0,
			"setId": 1,
			"iconIdx": 144
		},
		{
			"icon": {
				"paths": [
					"M548 6.857v150.857h-89.714q-49.143 0-66.286 20.571t-17.143 61.714v108h167.429l-22.286 169.143h-145.143v433.714h-174.857v-433.714h-145.714v-169.143h145.714v-124.571q0-106.286 59.429-164.857t158.286-58.571q84 0 130.286 6.857z"
				],
				"width": 602.2870178222656,
				"attrs": [],
				"isMulticolor": false,
				"tags": [
					"facebook",
					"facebook-f"
				],
				"defaultCode": 61594,
				"grid": 14
			},
			"attrs": [],
			"properties": {
				"id": 145,
				"order": 3,
				"name": "facebook, facebook-f",
				"prevSize": 28,
				"code": 61594
			},
			"setIdx": 0,
			"setId": 1,
			"iconIdx": 145
		},
		{
			"icon": {
				"paths": [
					"M821.143 521.714q0 118.857-49.714 211.714t-141.714 145.143-210.857 52.286q-85.143 0-162.857-33.143t-133.714-89.143-89.143-133.714-33.143-162.857 33.143-162.857 89.143-133.714 133.714-89.143 162.857-33.143q163.429 0 280.571 109.714l-113.714 109.143q-66.857-64.571-166.857-64.571-70.286 0-130 35.429t-94.571 96.286-34.857 132.857 34.857 132.857 94.571 96.286 130 35.429q47.429 0 87.143-13.143t65.429-32.857 44.857-44.857 28-47.429 12.286-42.286h-237.714v-144h395.429q6.857 36 6.857 69.714zM1316.571 452v120h-119.429v119.429h-120v-119.429h-119.429v-120h119.429v-119.429h120v119.429h119.429z"
				],
				"width": 1316.572110494133,
				"attrs": [],
				"isMulticolor": false,
				"tags": [
					"google-plus"
				],
				"defaultCode": 61653,
				"grid": 14
			},
			"attrs": [],
			"properties": {
				"id": 188,
				"order": 9,
				"name": "google-plus",
				"prevSize": 28,
				"code": 61653
			},
			"setIdx": 0,
			"setId": 1,
			"iconIdx": 188
		},
		{
			"icon": {
				"paths": [
					"M778.286 814.857v-370.286h-77.143q11.429 36 11.429 74.857 0 72-36.571 132.857t-99.429 96.286-137.143 35.429q-112.571 0-192.571-77.429t-80-187.143q0-38.857 11.429-74.857h-80.571v370.286q0 14.857 10 24.857t24.857 10h610.857q14.286 0 24.571-10t10.286-24.857zM616 510.286q0-70.857-51.714-120.857t-124.857-50q-72.571 0-124.286 50t-51.714 120.857 51.714 120.857 124.286 50q73.143 0 124.857-50t51.714-120.857zM778.286 304.571v-94.286q0-16-11.429-27.714t-28-11.714h-99.429q-16.571 0-28 11.714t-11.429 27.714v94.286q0 16.571 11.429 28t28 11.429h99.429q16.571 0 28-11.429t11.429-28zM877.714 185.714v652.571q0 46.286-33.143 79.429t-79.429 33.143h-652.571q-46.286 0-79.429-33.143t-33.143-79.429v-652.571q0-46.286 33.143-79.429t79.429-33.143h652.571q46.286 0 79.429 33.143t33.143 79.429z"
				],
				"width": 877.7130457558669,
				"attrs": [],
				"isMulticolor": false,
				"tags": [
					"instagram"
				],
				"defaultCode": 61805,
				"grid": 14
			},
			"attrs": [],
			"properties": {
				"id": 329,
				"order": 6,
				"name": "instagram",
				"prevSize": 28,
				"code": 61805
			},
			"setIdx": 0,
			"setId": 1,
			"iconIdx": 329
		},
		{
			"icon": {
				"paths": [
					"M670.286 607.429q0-28.571-11.143-52.286t-27.714-39.143-41.714-28-47.143-19.429-50-13.143l-59.429-13.714q-17.143-4-25.143-6t-20-6.571-17.143-9.143-9.429-12-4.286-17.143q0-44 82.286-44 24.571 0 44 6.857t30.857 16.286 21.714 19.143 22.857 16.571 27.429 6.857q26.857 0 43.143-18.286t16.286-44q0-31.429-32-56.857t-81.143-38.571-104-13.143q-38.857 0-75.429 8.857t-68.286 26.857-50.857 49.714-19.143 73.429q0 34.857 10.857 60.857t32 43.143 45.714 27.714 58.857 18.571l83.429 20.571q51.429 12.571 64 20.571 18.286 11.429 18.286 34.286 0 22.286-22.857 36.857t-60 14.571q-29.143 0-52.286-9.143t-37.143-22-26-25.714-26.286-22-30.857-9.143q-28.571 0-43.143 17.143t-14.571 42.857q0 52.571 69.714 90t166.286 37.429q41.714 0 80-10.571t70-30.571 50.571-53.429 18.857-75.143zM877.714 731.429q0 90.857-64.286 155.143t-155.143 64.286q-74.286 0-133.714-45.714-44 9.143-85.714 9.143-81.714 0-156.286-31.714t-128.571-85.714-85.714-128.571-31.714-156.286q0-41.714 9.143-85.714-45.714-59.429-45.714-133.714 0-90.857 64.286-155.143t155.143-64.286q74.286 0 133.714 45.714 44-9.143 85.714-9.143 81.714 0 156.286 31.714t128.571 85.714 85.714 128.571 31.714 156.286q0 41.714-9.143 85.714 45.714 59.429 45.714 133.714z"
				],
				"width": 877.7150497436523,
				"attrs": [],
				"isMulticolor": false,
				"tags": [
					"skype"
				],
				"defaultCode": 61822,
				"grid": 14
			},
			"attrs": [],
			"properties": {
				"id": 345,
				"order": 7,
				"name": "skype",
				"prevSize": 28,
				"code": 61822
			},
			"setIdx": 0,
			"setId": 1,
			"iconIdx": 345
		}
	],
	"height": 1024,
	"metadata": {
		"name": "icomoon"
	},
	"preferences": {
		"showGlyphs": true,
		"showQuickUse": true,
		"showQuickUse2": true,
		"showSVGs": true,
		"fontPref": {
			"prefix": "icon-",
			"metadata": {
				"fontFamily": "icomoon",
				"majorVersion": 1,
				"minorVersion": 0
			},
			"metrics": {
				"emSize": 1024,
				"baseline": 6.25,
				"whitespace": 50
			},
			"embed": false,
			"ie7": false,
			"noie8": true,
			"includeMetadata": false,
			"cssVars": false,
			"cssVarsFormat": "less",
			"showSelector": true,
			"showMetrics": true
		},
		"imagePref": {
			"prefix": "icon-",
			"png": true,
			"useClassSelector": true,
			"color": 0,
			"bgColor": 16777215,
			"classSelector": ".icon"
		},
		"historySize": 100,
		"showCodes": true,
		"gridSize": 16
	}
}